first_name,last_name
john,matthews
ryan,saunders
landon,gilbert-bland
terry ,kingston
derek ,jonhson
braiden,paulson
brandon,sanderson
aaron,paulson
carl,malone
james,jones
james ,adams
virginia ,chavez
demetra ,pelletier
arthur ,mcallister
elizabeth ,finley
ralph ,munoz
oliver ,guerra
barry ,allen
harry,potter
iris ,west
katelyn ,snow
cisco,ramoan
dumbledore,magick
severous,snape
ron ,weasley
charlie ,weasley
fred,weasley
george ,weasley
ginnie ,weasley
harmionne ,granger
sirious,black
bellatrix ,lestrange
luna ,lovegood
nevil,longbottom
seamus,finagin
dean ,thomas
ethan,johnson
rachel,marcs
mary,jones
jamie,canon
derek ,michaels
john ,anderson
tom ,jackson
olivia,owen
emma,roberts
sophia ,jensen
ruth,brown
jared,long 
amy,little
